"id","city_name","date","humidity","latitude","longitude","precip","temp","tide","wind"
"6f0db638-1e5e-42c0-bdf1-a7fc247aeaea","Bac Ninh","2021-04-24 06:00","89","21.1861","106.0763","0.04","25.7","'-0.79","16.9"
"4a251f3c-95fe-44d8-b7e6-f8d34d1b3b6a","Quang Tri","2017-12-28 15:00","96","16.7504","107.2","0.26","20.7","0.01","12.6"
"cffe920b-b86f-49c9-8c19-5f9349b1c5be","Ho Chi Minh City","2017-11-15 00:00","89","10.8167","106.6333","0.0","25.7","'-0.68","6.5"
"b74f1058-b935-4136-b82c-5065bd9eecd1","Dong Hoi","2020-03-27 11:00","72","17.4833","106.6","0.0","27.6","0.01","12.4"
"ad8d60b7-02df-48fc-a484-e4f61a4c989e","Viet Tri","2017-07-20 02:00","96","21.3136","105.3947","0.23","24.3","0.38","6.6"
"db073ac0-f95d-41cd-9205-0aa1702f6550","Nha Trang","2017-06-01 18:00","88","12.2495","109.1908","1.2","26.7","'-0.33","14.0"
"d2375a47-222d-4aae-b2cf-2ff3cf5274d9","Pleiku","2018-12-20 20:00","93","13.9715","108.0147","0.0","20.0","'-0.49","6.8"
"ac223ce0-f3c8-49b6-ac9e-fba1c9791ed1","Tra Vinh","2021-08-19 15:00","63","9.9369","106.3411","0.36","31.1","0.04","9.7"
"9a4f6393-3c2e-4e4f-ba20-b945eb681572","Cam Ranh","2019-05-11 16:00","85","11.902","109.2207","1.31","28.2","'-0.64","11.4"
"51546937-9888-4e1c-8f91-c5a0a9c00682","Vinh Long","2018-08-21 03:00","93","10.255","105.9753","0.0","25.0","0.57","7.9"
"32e4fad5-7826-49ce-bb58-2d6872c1c571","Sa Dec","2017-01-18 02:00","78","10.3105","105.7397","0.0","23.7","'-0.63","10.2"
"a2e76e6b-2844-4c09-9a8d-bf361ed844a3","Cam Ranh","2017-07-22 21:00","87","11.902","109.2207","0.13","26.1","0.26","13.7"
"fb25a038-0e69-43c5-b3a3-c1a45d1e998e","Ca Mau","2019-03-12 19:00","64","9.1833","105.15","0.0","29.3","'-0.54","9.4"
"ff91fa69-ba2b-45fe-8ffa-ce6f760d31b9","Bac Giang","2020-05-04 05:00","91","21.2731","106.1947","0.0","25.4","'-0.7","9.7"
"57d12342-6507-4a76-a9f7-2a1cb4788711","Chau Doc","2021-10-14 01:00","87","10.7","105.1167","0.0","25.6","0.55","14.8"
"10181089-0c1d-485e-aa7c-3f120e00a439","Mang La","2022-08-26 08:00","96","14.3838","107.9833","0.03","21.7","'-0.56","11.5"
"2a3434ee-e90e-468b-9f40-04a28c442c2f","Ha Tien","2020-12-31 09:00","64","10.3833","104.4833","0.0","23.0","0.91","28.8"
"4fd64582-1722-49dd-ad5b-c6630fde5d4e","Quang Ha","2016-08-25 21:00","85","16.06","108.25","2.53","25.3","0.3","2.2"
"55b56d6d-5761-4177-be93-b39cd995a5ba","Tra Vinh","2015-01-20 19:00","78","9.9369","106.3411","0","23.5","1.26","10.3"
"ae781660-d857-4550-b1cc-90ae703f5132","Tuyen Quang","2017-06-14 19:00","83","21.8281","105.2156","0.76","28.1","'-0.16","8.4"
"7318e80a-47df-43bb-8890-27f0dc9bb120","Vung Tau","2016-01-21 05:00","78","10.4042","107.1417","0","26.2","0.69","31.1"
"cbbee6b1-c8aa-4343-ae33-6d79e61c01a9","Vung Tau","2019-06-02 15:00","66","10.4042","107.1417","0.0","31.4","'-0.79","18.0"
"241408b3-518f-4820-9afa-ebce357e5b32","Ap Da Loi","2015-04-30 06:00","91","11.9304","108.42","0","20.9","'-0.02","1.4"
"6a57ad61-4cda-4160-b6b3-c9d20bd34830","Long Xuyen","2022-07-18 18:00","83","10.3686","105.4234","0.13","27.6","'-1.28","18.4"
"e1c1de94-14c3-43f4-82a4-5e5b3c44488a","Ap Da Loi","2020-03-01 08:00","63","11.9304","108.42","0.0","22.3","0.25","3.5"
"32a45140-7738-4361-b956-a604c6f4e5d4","Cam Pha","2016-09-07 15:00","78","21.0094","107.2728","0.13","28.9","'-0.32","9.4"
"97c37df4-03b9-47c3-b1c4-b19e2c8f1698","Bac Kan","2018-08-16 23:00","98","22.1514","105.8377","1.23","24.4","'-0.04","5.8"
"d6ab4851-53be-4bf5-8137-5652c8bf36fb","Lang Son","2017-05-14 06:00","78","21.8478","106.7578","0.0","24.9","0.22","3.6"
"6da28f01-fc61-4349-80de-dc211423d1cc","Ha Giang","2022-02-28 15:00","39","22.8233","104.9836","0.0","24.6","0.59","20.5"
"cd7cbd27-9137-4374-bb16-e866796e843f","Cam Ranh","2016-01-03 17:00","90","11.9136","109.1369","0.09","24.7","'-0.04","18.2"
"a6d691b5-f6f2-4145-8e7d-1737b1b787d5","Cao Bang","2022-03-05 14:00","84","22.6731","106.25","0.0","21.1","'-0.65","5.5"
"0be81d5a-8e6a-4064-9bc6-77ca820d6f7a","Tra Vinh","2019-06-22 23:00","93","9.9369","106.3411","0.3","26.2","0.77","7.8"
"aa9990e5-8b80-4b68-a2e6-66f2feb26890","Binh Long","2015-07-07 07:00","76","11.6504","106.6","0","28.7","0.26","20.3"
"5e2ba4ba-e98d-47e2-aa7f-9f9827fda227","Long Xuyen","2017-05-01 13:00","52","10.3686","105.4234","0.0","34.2","'-0.35","6.7"
"dd50a278-34eb-4e2d-a152-51e3aeda8661","My Tho","2022-08-29 00:00","91","10.35","106.35","0.0","25.0","0.02","6.5"
"8b9a4419-e8e3-4c13-ad25-2b91324aabe0","Soc Trang","2021-02-14 05:00","85","9.6","105.9719","0.0","21.9","'-0.9","9.8"
"8fe638c7-2d44-4564-a51d-cb01274a3479","Thu Dau Mot","2018-12-05 03:00","76","11.0042","106.6583","0.0","27.2","'-0.04","7.6"
"5a38baf1-c03a-4dba-83e3-af50632ac700","Cao Bang","2018-03-23 21:00","68","22.6731","106.25","0.04","17.2","'-0.34","5.0"
"9ecb9c34-28b5-421e-bf7b-3a52330443f1","Hoi An","2020-11-18 04:00","87","15.8777","108.3327","0.0","22.5","'-0.05","8.2"
"d42db360-8e3b-41cb-a679-2278417856dc","Tra Vinh","2015-09-21 08:00","73","9.9369","106.3411","0","29.4","'-0.83","7"
"cf387464-75fd-4e0f-a7aa-594b5c5578d8","Soc Trang","2021-03-28 19:00","74","9.6","105.9719","0.0","30.1","1.28","16.1"
"68d2da58-5c3b-4114-a7a4-848cdfebd506","Quang Ha","2022-02-21 13:00","82","16.06","108.25","0.0","19.1","'-0.18","13.1"
"b20b6f15-0683-4491-b32e-8c8b7446912c","Tuy Hoa","2022-04-21 09:00","75","13.0869","109.3086","0.0","27.2","'-0.04","10.1"
"f73d3311-4541-42ed-8218-3d36aae5a811","Ha Long","2019-04-06 02:00","83","20.9514","107.0852","0.0","22.7","0.14","4.9"
"259dec5b-8c84-4214-8422-a636079f9138","Tuyen Quang","2021-01-04 06:00","62","21.8281","105.2156","0.0","15.4","0.36","5.4"
"0217b749-b149-4bab-ad46-cf4d2c98ef7e","Phan Thiet","2015-05-21 03:00","79","10.9375","108.1583","0","26.6","'-0.01","9"
"f7354bec-9d33-4b7d-99b7-56a6b80defdd","My Tho","2018-01-08 10:00","59","10.35","106.35","0.0","31.2","0.45","14.8"
"54552f74-8a18-4fd4-ad71-dd4cc3976576","Sa Dec","2020-10-05 08:00","75","10.3105","105.7397","0.0","27.7","0.79","9.8"
"9e614f23-721c-4171-a7c5-adef091ba962","Tan An","2018-03-29 16:00","51","10.5322","106.4042","0.0","31.0","0.99","13.3"
"0e059f30-305d-4e35-98c7-02b2cc7136c3","Vi Thanh","2015-06-27 00:00","85","9.7833","105.4708","0","26.5","0.46","7.6"
"8d769566-3fa6-44b0-b633-9964ad734800","Mang La","2019-10-26 00:00","97","14.3838","107.9833","0.0","18.6","0.35","7.9"
"8fd462ae-dcde-4f45-9454-0d2fe1ea7fcf","Dong Hoi","2015-10-25 14:00","72","17.4833","106.6","0","26.9","0.31","8"
"090d0df0-4643-4fae-8feb-bb84a2546f8f","Rach Gia","2018-12-20 15:00","67","10.0125","105.0808","0.04","31.2","0.9","11.2"
"474c4e6b-5eb0-4ed4-9992-def54bba23e2","Ha Giang","2015-02-25 17:00","53","22.8233","104.9836","0","19.1","0.43","8.3"
"c4336953-d66a-4763-a9fc-31b64a6807e6","My Tho","2021-01-03 18:00","77","10.35","106.35","0.0","29.0","0.56","4.0"
"79cd4f10-2f01-4baa-996a-0277eb8bbd42","Dong Ha","2017-09-08 18:00","73","16.8056","107.0906","0.0","28.5","0.21","10.8"
"b7cd1f49-2d4c-40cb-9f8d-74d7e8d50d64","Tra Vinh","2017-09-12 06:00","84","9.9369","106.3411","0.0","26.9","'-1.05","6.1"
"20d896fb-c587-4904-8f3a-cb5f9c62937b","Tuyen Quang","2016-11-22 22:00","87","21.8281","105.2156","0.0","24.4","0.21","6.5"
"5827f608-32a0-4f9a-b148-03a3b6e3bcb6","Bac Kan","2016-11-03 05:00","84","22.1514","105.8377","0.0","12.5","'-0.03","6.8"
"c9ec50c0-bee1-4d20-bd0d-5bc27e376bfa","Bien Hoa","2020-01-23 16:00","37","10.9277","106.8681","0.0","34.5","1.08","8.5"
"5e589bd4-ffaf-4d09-8c7b-e22d8e9ec2d0","Viet Tri","2020-03-16 13:00","72","21.3136","105.3947","0.0","24.5","0.98","9.8"
"a82705a5-872d-4111-93fc-a993d281fca4","Ha Giang","2018-06-30 17:00","82","22.8233","104.9836","0.83","23.3","'-0.01","8.6"
"62211671-ac6f-4435-a240-e380db048c67","Vinh","2017-11-13 02:00","90","18.6733","105.6922","0.03","23.1","0.71","5.9"
"2b29ab83-d46b-417b-8a85-de84148239d5","Viet Tri","2016-11-03 13:00","54","21.3136","105.3947","0.0","24.2","'-0.92","3.7"
"b083efe1-458d-4b6a-9d6b-6e12f8ed3de4","Nha Trang","2021-03-29 01:00","89","12.2495","109.1908","0.0","22.1","'-0.08","6.8"
"d648bca0-a28e-461b-84f4-a8a31167854b","Cam Ranh","2019-03-25 18:00","86","11.9136","109.1369","0.13","25.4","0.03","24.1"
"212dc6ca-fa74-4b8a-8623-b3735502d666","Hanoi","2021-12-29 17:00","60","21.0245","105.8412","0.0","18.4","0.32","10.6"
"59bcb5e8-cff3-415e-8950-7ab84ec07595","Binh Long","2021-01-02 12:00","58","11.6504","106.6","0.0","27.2","0.72","7.9"
"e988d200-43e2-4e7e-b64e-9fc2f986aa7e","Bac Kan","2019-11-28 17:00","76","22.1514","105.8377","0.0","17.0","0.39","4.2"
"f6902ede-9e3a-4d85-bb0b-7cf54bc1c48d","Lao Cai","2015-04-08 01:00","91","22.4194","103.995","0.62","21.1","'-0.56","6.2"
"d808d4da-e145-4d68-a40e-31ae95dccbf5","Hue","2020-01-30 07:00","91","16.4637","107.5908","0.6","18.1","0.17","9.2"
"71f75f88-2c88-43d4-86a2-d65edc27ddb6","Quang Tri","2018-05-29 16:00","67","16.7504","107.2","0.0","30.6","0.12","13.6"
"ab63b8da-6145-4e1b-bc64-b6c4b9baac17","Phan Thiet","2018-09-13 04:00","85","10.9375","108.1583","0.0","25.0","'-0.95","13.1"
"429cd7f2-fba4-4408-8afb-4aba7259343d","Tra Vinh","2019-08-17 02:00","91","9.9369","106.3411","0.03","26.2","'-0.18","8.2"
"8f9c078c-b014-4d8d-9266-9986bd04b2f7","Tay Ninh","2017-06-26 03:00","85","11.3131","106.0963","0.0","25.3","0.0","7.9"
"ba6d3f20-dc7a-4b93-852a-7fbf7fb8a6f6","My Tho","2019-08-05 05:00","89","10.35","106.35","0.0","25.4","'-0.25","10.9"
"aaf0a869-206e-42cc-8182-802cde196d8d","Ha Giang","2016-10-28 09:00","66","22.8233","104.9836","0.0","24.0","0.18","5.0"
"1ca7560f-d479-4ba7-83c4-c72dc235139a","Phan Rang-Thap Cham","2015-01-14 08:00","74","11.5643","108.9886","0","22.6","0.25","31.2"
"32b0c849-1479-4caa-ba89-01813372a76e","Ben Tre","2019-12-19 13:00","52","10.2333","106.3833","0.0","31.6","0.95","12.2"
"23d98394-2a29-4d28-bec8-a7774b386057","Son La","2019-06-03 00:00","93","21.327","103.9141","0.4","22.4","'-0.61","2.5"
"04e395c6-527c-4222-8734-a780945a2851","Tan An","2015-05-31 01:00","76","10.5322","106.4042","0","28.6","0","9.7"
"01358265-cf89-4f29-8322-110bede5724f","Quang Tri","2019-05-20 10:00","48","16.7504","107.2","0.04","37.5","'-0.47","7.9"
"538f9aaf-bb4f-40b5-bccd-8baebc40495a","Hoa Binh","2016-08-16 21:00","89","20.8175","105.3375","0.22","26.2","'-1.13","4.3"
"6b7060b8-4589-49b2-a82b-91045098c760","Rach Gia","2015-04-23 10:00","58","10.0125","105.0808","0","32.4","0.87","24"
"e225f45e-f7b9-4f72-b8d6-0c8dc9fc5def","Ben Tre","2018-09-17 20:00","94","10.2333","106.3833","0.93","25.1","0.44","10.0"
"1e14630a-4359-4c8c-9c6d-7ba03aa478a8","Phan Rang-Thap Cham","2015-02-18 16:00","82","11.5643","108.9886","0","24.8","0.43","20.3"
"59d142a9-8c18-409a-b994-cb1d295f95dc","Tra Vinh","2017-03-23 04:00","82","9.9369","106.3411","0.0","25.6","0.6","15.4"
"b1bfb58e-6752-494c-a61d-b2f8f2a1dc61","Ben Tre","2016-04-22 12:00","32","10.2333","106.3833","0.0","37.5","'-1.14","16.6"
"50713962-3c7d-44c6-a587-654a205b53b8","Vinh Long","2021-05-01 00:00","92","10.255","105.9753","0.76","25.6","0.69","6.8"
"ce4e52b0-348e-4d8d-a9a1-fb886857a3f3","Long Xuyen","2017-11-10 14:00","60","10.3686","105.4234","1.2","31.8","0.73","3.4"
"b69f9617-4471-4034-9133-1ed1602ebb5f","Tra Vinh","2021-05-10 12:00","51","9.9369","106.3411","0.0","33.3","'-1.22","12.2"
"c52fb30b-51f4-4e8c-9f19-896c2cc08806","Ha Long","2018-08-27 13:00","66","20.9514","107.0852","0.29","31.8","0.68","6.7"
"4f3a9142-5f43-48cc-b792-2310ee101600","Ha Tinh","2018-12-22 10:00","74","18.3431","105.9058","0.0","26.6","'-0.93","5.2"
"e062bf4a-d390-4e1c-9d08-c8d7be4414c8","Sa Dec","2016-01-02 02:00","83","10.3105","105.7397","0","23.8","'-0.26","6.2"
"b0149a62-118f-4d64-ae92-46512d0d9b4f","Bac Giang","2017-12-10 11:00","59","21.2731","106.1947","0.0","20.5","'-0.71","7.1"
"67ee4c32-bef3-4469-b9f6-72fd657109ff","Tan An","2022-03-11 23:00","71","10.5322","106.4042","0.0","25.9","'-0.64","15.4"
"4a38c03e-44a6-4214-a141-8139e1b87185","Bac Giang","2016-12-24 22:00","91","21.2731","106.1947","0.0","20.5","0.38","8.6"
"ea63328a-f92c-41d3-b99a-0d1cfe6e3c61","Ho Chi Minh City","2015-11-23 12:00","51","10.8167","106.6333","0","33.2","'-0.52","7.2"
"22240446-f1af-4a52-a817-da9fa36a2cd3","Cao Bang","2016-01-14 05:00","98","22.6731","106.25","0.43","9.2","0.4","2.8"
"6d9341ff-9f41-4df9-aabc-e083dcfb66f6","Haiphong","2017-01-31 13:00","63","20.8","106.6667","0.0","24.3","'-0.98","18.1"
"984cbe35-812f-4e53-95ee-bd1f64072223","Cao Lanh","2017-07-22 07:00","82","10.4603","105.6331","0.16","27.4","0.7","12.6"
"31e4f003-50e4-4393-8594-524a2f10ff4d","Pleiku","2018-12-17 15:00","61","13.9715","108.0147","0.0","25.2","0.12","14.8"
"f92b0072-8038-46cf-b7cc-2b8c351d7e05","Phan Thiet","2016-05-27 15:00","66","10.9375","108.1583","0.39","30.3","'-1.28","13.7"
"9edb358c-1307-4c47-9897-004cc2ce566f","Phan Thiet","2021-10-01 08:00","79","10.9375","108.1583","0.0","27.5","'-1.14","5.3"
"aeeb4036-3245-4a18-af0b-e5ccadc3d5dd","Binh Long","2019-04-11 07:00","68","11.6504","106.6","0.0","30.4","0.51","9.2"
"dd64195e-ca67-4688-a8aa-214832e860e6","Ca Mau","2015-06-12 05:00","73","9.1833","105.15","0","29.2","0.61","9.4"
"90bf8254-ba3a-4dd6-9f30-e734b38ada07","Tra Vinh","2015-09-06 13:00","71","9.9369","106.3411","0","30.3","0.38","14"
"cbc887d8-d695-4855-9054-cd88729bf03a","Ha Long","2019-03-02 20:00","95","20.9514","107.0852","0.0","22.4","1.12","11.4"
"264f43ad-ec43-4e86-9329-f555178c5e93","Viet Tri","2017-01-27 06:00","96","21.3136","105.3947","0.0","15.0","'-0.89","5.4"
"ad0d71c5-ab53-42e3-9c70-b7eb0240ac88","Tay Ninh","2021-12-23 09:00","93","11.3131","106.0963","0.0","23.7","0.56","8.3"
"b3f052e9-9efe-4a10-a05e-49fbe5cf3dfb","Binh Long","2019-12-04 02:00","74","11.6504","106.6","0.0","21.4","'-0.38","9.8"
"2298f329-0366-4518-8d8e-8088d2aaea95","Binh Long","2015-02-08 17:00","48","11.6504","106.6","0","27.7","'-0.38","16.3"
"1ef391b8-8033-4b4d-b8d0-4f776f317366","Viet Tri","2021-04-09 07:00","89","21.3136","105.3947","0.53","20.7","'-0.91","5.8"
"d84a22ce-cc11-455c-9a16-3b7f94e56379","Bien Hoa","2018-11-29 18:00","75","10.9277","106.8681","0.04","27.9","0.2","7.6"
"34d1f1d5-94a7-4864-b585-dd3b6a0ad8be","Tuy Hoa","2019-12-05 18:00","80","13.0869","109.3086","0.04","20.9","0.21","25.6"
"05a86f76-2bb2-4b32-a974-bd5858f93a02","Bac Ninh","2017-02-19 22:00","85","21.1861","106.0763","0.0","19.3","0.16","14.2"
"763bfd59-b759-4832-a29a-db70a710ca9f","Long Xuyen","2016-07-23 18:00","84","10.3686","105.4234","0.25","26.4","'-0.65","13.7"
"acefa950-c4e4-4752-87dc-18d9af30c752","Vi Thanh","2016-03-15 04:00","80","9.7833","105.4708","0.0","25.5","'-0.19","10.9"
"67582ba2-b434-450c-9a01-f8d713da5ab1","Nha Trang","2015-11-23 06:00","81","12.2495","109.1908","0.04","25.3","'-0.15","14.8"
"2d919519-68f2-437a-b80d-d748d00ad181","Yen Bai","2017-04-24 03:00","71","21.7","104.8667","0.0","17.5","'-0.19","3.2"
"53931881-2b89-43fc-adbb-f80d89853b93","Son La","2017-07-29 17:00","63","21.327","103.9141","0.0","29.0","0.21","2.5"
"115e72e1-b7e8-4c0b-a601-5a9259723b82","Buon Ma Thuot","2019-01-22 01:00","89","12.6667","108.05","0.0","19.6","'-0.6","10.3"
"1f1dabd0-f4b0-4a14-be78-2001d6807f37","Tan An","2021-02-17 19:00","63","10.5322","106.4042","0.0","26.8","'-0.14","17.2"
"01955e49-8d2c-44f7-b184-60bf63ac7165","Bac Ninh","2016-02-22 13:00","72","21.1861","106.0763","0.04","20.4","'-0.76","13.4"
"b8fbb3cd-0f69-49a6-8ac2-925b8f6fbf77","Hoa Binh","2020-08-29 02:00","96","20.8175","105.3375","0.73","27.0","0.8","3.6"
"c793b5c1-614a-45ae-a89f-f51c460a1146","Tra Vinh","2017-06-28 11:00","65","9.9369","106.3411","0.0","31.4","0.52","13.9"
"f6e1489e-7286-4cd0-b7c1-9e151593ded2","Phan Thiet","2021-06-22 08:00","68","10.9375","108.1583","0.0","29.2","'-0.5","19.3"
"0e8355de-b592-4b0a-8cfc-e27e88787cf1","Ninh Binh","2017-06-26 10:00","53","20.2539","105.975","0.0","34.7","1.61","13.7"
"ca4e1af1-df24-4eb8-8c62-ca9a17857bcc","Ca Mau","2020-06-28 02:00","90","9.1833","105.15","0.8","25.7","0.76","5.4"
"51c94afd-10eb-40f9-9a8c-adef1e833d05","Hoa Binh","2018-02-06 07:00","43","20.8175","105.3375","0.0","10.6","0.12","3.6"
"b271ffcd-40ba-499f-81d2-c2551ee98b63","Can Tho","2017-02-14 15:00","42","10.0333","105.7833","0.0","31.4","'-0.51","18.0"
"1084fabf-e479-4422-80a2-531a9bab6c92","Long Xuyen","2016-04-08 08:00","61","10.3686","105.4234","0.0","30.7","1.15","12.5"
"e266c58b-08d2-4277-8f04-6e9246599cba","Ha Tien","2017-10-02 20:00","85","10.3833","104.4833","1.03","26.1","0.53","10.8"
"694f5a4b-8fa2-4fff-a285-e116764bb5ff","Bac Ninh","2022-08-25 23:00","82","21.1861","106.0763","0.23","28.1","'-1.1","9.0"
"4a24416e-310f-45db-9d25-a4e1083ce422","Bac Kan","2017-08-22 17:00","63","22.1514","105.8377","0.0","30.9","'-0.15","3.2"
"f7c58c68-df29-4659-bfbd-40a1aebafde6","Phan Rang-Thap Cham","2019-03-09 11:00","60","11.5643","108.9886","0.0","30.4","'-0.12","12.1"
"1b601c90-edde-4ce2-8e36-b44ee2bcbe91","Vi Thanh","2017-06-07 18:00","77","9.7833","105.4708","0.09","27.9","0.58","7.9"
"47d1d838-0c02-42d3-a177-2b9631343ae0","Quy Nhon","2018-10-28 22:00","86","13.7696","109.2314","0.38","25.6","'-0.41","20.6"
"2a5fe61d-a8a8-469f-b8f7-9d5a428e979f","Can Tho","2016-07-11 11:00","56","10.0333","105.7833","0.03","32.5","0.31","23.9"
"a5e2b2b7-ac44-4cf7-84c8-ab403d1029e3","Vung Tau","2015-10-30 00:00","71","10.4042","107.1417","0.62","28","'-1.03","22.3"
"d79d3be5-1cad-495f-98d4-bbb2fcad9550","Cam Ranh","2015-12-23 01:00","90","11.9136","109.1369","0.51","24.1","'-0.07","16.8"
"3e4f37d5-ae2e-48bb-a97e-d0cbc2a8485c","Bac Ninh","2018-07-16 13:00","74","21.1861","106.0763","0.18","30.6","1.39","15.1"
"5107efe8-9540-4e18-9a8a-05fbbed439e2","Dong Hoi","2018-11-03 12:00","63","17.4833","106.6","0.0","25.6","0.18","11.9"
"303a3c3e-db7c-49c6-975f-d5c6a0312784","Hoi An","2022-10-18 05:00","75","15.8777","108.3327","0.0","21.9","'-0.34","12.6"
"ed625c5b-3a3f-4b60-9cfa-b6fd567becef","Tay Ninh","2020-05-14 05:00","71","11.3131","106.0963","0.03","28.6","0.58","9.5"
"01c02c2c-d35a-400e-be0e-e24972ecde0f","Sa Dec","2019-10-05 14:00","65","10.3105","105.7397","1.2","30.7","0.42","10.6"
"d4729858-7850-42f5-859b-0d70c0c3268f","Ca Mau","2016-05-29 13:00","58","9.1833","105.15","0.0","32.5","0.29","22.9"
"baac1b18-dbbe-4e5b-bce7-02d8bd30765d","Thu Duc","2019-01-10 02:00","72","10.8199","106.7909","0.0","25.3","'-1.56","9.6"
"5ad6335d-affc-4bb6-9bbe-2799bce00ad3","Ho Chi Minh City","2018-11-08 17:00","75","10.8167","106.6333","0.63","28.1","0.86","13.4"
"05897ceb-8c65-4b74-8fe2-2ac63611677a","Tuy Hoa","2019-10-30 16:00","92","13.0869","109.3086","10.6","23.8","0.51","37.0"
"3be0a0f8-0915-45b7-a4ae-2d77fc3c5edd","Bac Ninh","2020-05-16 20:00","85","21.1861","106.0763","0.4","30.4","0.42","13.4"
"4a730469-907d-4136-bff8-ec9c894df91c","Tuy Hoa","2019-08-18 07:00","63","13.0869","109.3086","0.0","29.4","0.09","18.1"
"6e15d3c8-615c-48db-85fa-b5af6a58fa93","Ben Tre","2019-08-03 04:00","93","10.2333","106.3833","0.38","24.7","0.26","8.5"
"c199a6ff-8695-4ce3-b4bf-589251c797a4","Hanoi","2022-09-26 02:00","90","21.0245","105.8412","0.0","24.2","'-0.41","4.8"
"1b089fec-7b02-46d8-a069-5cf51747a4c1","Lao Cai","2018-04-04 04:00","68","22.4194","103.995","0.0","21.4","'-0.12","2.4"
"cf0b1561-f7d6-414e-a995-2df2f71202f5","Cam Pha","2015-07-24 05:00","87","21.0094","107.2728","1.13","26.4","0.09","6"
"5d039041-0a6c-4663-9b2c-1ef2889ea865","Vung Tau","2018-07-29 18:00","78","10.4042","107.1417","0.49","28.5","0.02","15.8"
"f15ea1c3-6778-42ac-a2e6-24ae501b0049","Tan An","2016-10-22 21:00","94","10.5322","106.4042","0.4","25.6","0.64","11.5"
"239aeede-79d4-4a39-b0bf-59a9e40bd141","Nha Trang","2021-11-21 22:00","89","12.2495","109.1908","0.02","24.8","'-0.6","8.2"
"6c565bd4-d832-4b56-9cc2-af80f2d9ac74","Cao Bang","2022-05-30 23:00","98","22.6731","106.25","0.57","23.8","'-1.16","2.4"
"d01980fa-2f1d-4d1a-b5e1-af64c0216484","Bien Hoa","2017-07-18 04:00","94","10.9277","106.8681","0.02","25.1","0.35","3.0"
"da297f60-0c94-40a4-a2f7-d37ddf971bac","Lang Son","2019-07-21 07:00","81","21.8478","106.7578","0.0","28.9","0.24","6.8"
"debfbc3b-9454-4708-945f-079f7c5c552d","Haiphong","2016-07-03 05:00","79","20.8","106.6667","0.83","28.5","0.89","12.1"
"90464a6a-87ca-4da6-a24f-ea6dd41542bd","Hue","2016-02-14 02:00","66","16.4637","107.5908","0","23","'-0.2","8.9"
"aca8e946-55b2-4ae8-b64f-ee1643e528db","Hoi An","2019-01-13 17:00","87","15.8777","108.3327","0.27","23.0","0.03","13.0"
"d780981c-c540-41f7-927a-38aa5cd7a22e","Pleiku","2021-07-07 08:00","96","13.9715","108.0147","0.23","21.4","'-0.51","5.5"
"8f787b60-ae96-4c9b-9ef4-9899287af1fb","Quy Nhon","2021-09-28 21:00","92","13.7696","109.2314","0.13","25.5","0.28","4.3"
"2e3bab72-f13a-454b-a949-16dab4ef0a69","Buon Ma Thuot","2019-03-11 07:00","56","12.6667","108.05","0.0","27.8","0.19","3.2"
"8485a915-fdd7-4289-a98f-56512696a9b2","Bien Hoa","2022-08-12 13:00","63","10.9277","106.8681","0.09","30.8","'-2.34","16.3"
"4c20cfdc-15a8-424a-a4af-458f970b313d","Lao Cai","2015-04-03 08:00","35","22.4194","103.995","0","28.9","'-0.21","5.5"
"a7ae5282-4ed6-4a49-bde3-8256e45fe346","Hai Duong","2018-08-10 08:00","76","20.9399","106.3309","0.67","29.7","1.5","13.7"
"648708a5-c389-46a8-843c-55435b76e437","Cam Pha","2017-02-10 03:00","59","21.0094","107.2728","0.0","14.0","'-0.07","20.2"
"9b8acb12-bf6e-44fd-8eff-878fd8d25821","Vung Tau","2020-08-08 14:00","72","10.4042","107.1417","0.3","29.9","'-1.01","22.6"
"40fd82c2-f6f8-4bee-9df7-9aebc1c28481","Nam Dinh","2015-01-11 17:00","85","20.42","106.1683","0","12.7","'-0.23","15.1"
"b9199fe1-e18a-4233-8b1a-f9473f454cfe","Dong Ha","2016-03-19 10:00","55","16.8056","107.0906","0.0","32.4","0.14","7.2"
"f933ebf6-f054-4af7-9aa0-f28e2e9347a9","Vinh","2020-09-08 13:00","74","18.6733","105.6922","0.04","30.6","'-0.31","6.7"
"2e25ca07-22a3-4dc2-a80d-6dba335a4160","Tuy Hoa","2019-07-31 01:00","78","13.0869","109.3086","0.0","26.7","0.69","19.8"
"fb3dfd14-e5ce-4261-8155-d2dab626f5cc","Chau Doc","2020-10-19 00:00","88","10.7","105.1167","0.0","25.4","'-1.08","6.5"
"0102d424-0fe5-4c73-8e06-1176b1eaebfb","Thai Nguyen","2019-03-16 18:00","80","21.6","105.85","0.0","19.4","1.24","7.2"
"2e82162b-1fff-42dc-b412-25c0925508a8","Buon Ma Thuot","2017-03-14 06:00","70","12.6667","108.05","0.0","24.4","0.09","3.6"
"8271f11a-4024-481e-9cba-5535de1a6c17","Thu Dau Mot","2022-09-07 09:00","79","11.0042","106.6583","0.27","27.4","'-1.54","11.9"
"bbeb2264-40a3-44de-ba2c-ff5f9968a791","Ho Chi Minh City","2022-01-30 07:00","82","10.8167","106.6333","0.0","24.7","0.86","7.4"
"e119a5c6-2e0f-4962-afa4-8af8e21b2fe2","Rach Gia","2015-10-27 06:00","80","10.0125","105.0808","0","27.5","1.21","24.5"
"b218aa17-1282-4631-901e-6b636fca6b66","Cam Pha","2018-07-18 18:00","87","21.0094","107.2728","2.04","28.0","0.43","32.8"
"e18dda80-b49b-4a31-8350-98b9b7752f46","Hue","2015-11-04 22:00","91","16.4637","107.5908","1","23.4","0.08","8.6"
"c6ad742c-5344-4b13-9652-4dd583f57e21","Thu Duc","2017-05-09 21:00","79","10.8199","106.7909","0.0","28.3","0.26","8.3"
"4bf7ab5a-a87d-432e-91ef-2db8fb97862b","Ha Giang","2019-01-05 04:00","93","22.8233","104.9836","0.0","9.0","'-0.42","3.7"
"8f47c2ef-2807-4c9b-bfb2-3142760a2376","Cao Lanh","2015-07-23 22:00","78","10.4603","105.6331","0","28.1","0.6","12.4"
"5bc678ea-bf9c-4d6a-854f-301ba06fcac3","Son La","2022-02-25 15:00","48","21.327","103.9141","0.0","22.8","1.2","2.5"
"d3459fca-d1a0-4d34-b50c-708992932126","Cao Lanh","2016-03-10 08:00","59","10.4603","105.6331","0.0","31.6","1.17","9.0"
"aa610332-9af1-482e-b2e8-8c3f2e8e78d1","Hoi An","2019-09-25 12:00","87","15.8777","108.3327","3.6","26.9","0.05","15.1"
"6f4ff12b-b1a5-44c0-befc-755eaaf61524","Vung Tau","2016-12-15 22:00","84","10.4042","107.1417","0.0","26.2","0.12","19.8"
"ae1c33af-e324-4993-8ecd-9cb2e22f6aa7","Thu Dau Mot","2020-08-19 00:00","82","11.0042","106.6583","0.58","27.0","0.08","14.4"
"0f636927-2590-4b0d-8969-4477310921a1","Di An","2020-08-09 07:00","81","10.9039","106.7679","0.0","26.9","0.16","8.4"
"9ac7a20b-3b7f-428d-87b6-bb6b7e5ec965","Quang Tri","2022-10-15 06:00","95","16.7504","107.2","1.02","25.2","'-0.02","24.8"
"1c98f0a4-55e9-43a5-8ea0-fbfb688506a3","Mang La","2021-01-01 03:00","79","14.3838","107.9833","0.0","14.9","'-0.44","11.9"
"344e4775-3552-41ff-856b-8716032c3abf","Nha Trang","2019-10-15 06:00","85","12.2495","109.1908","0.18","24.7","0.08","10.4"
"35b97ebb-9a0c-4806-bbf8-3a92452a32a3","Haiphong","2017-11-11 08:00","71","20.8","106.6667","0.0","26.7","0.15","7.9"
"54b14dac-f384-4c9a-8db8-510cab01697f","Buon Ma Thuot","2015-01-18 03:00","90","12.6667","108.05","0","15.1","'-0.05","8.3"
"bae37718-413b-4489-8879-6cbd63a5f1a8","Phu Quoc","2019-02-28 03:00","75","10.2289","103.9572","0.0","26.8","0.25","10.4"
"fe204616-d136-4fa8-b36e-001447ff0965","Mang La","2017-09-17 18:00","94","14.3838","107.9833","3.33","23.3","0.09","5.0"
"af5e0428-f3a3-43ce-8370-5befcbd73000","Ho Chi Minh City","2020-02-10 06:00","70","10.8167","106.6333","0.0","23.7","0.28","6.5"
"c981a96b-b1c5-4ffa-befd-033aab8df35a","Quy Nhon","2019-02-23 04:00","80","13.7696","109.2314","0.0","23.7","'-0.0","2.2"
"2403cb4f-ea4b-4452-b92f-19adc24d56cf","Ho Chi Minh City","2022-06-13 03:00","88","10.8167","106.6333","0.0","26.0","0.9","6.5"
"13e1135b-cf1b-4a48-b823-b8c7f9bcb22d","Buon Ma Thuot","2017-11-12 18:00","96","12.6667","108.05","1.02","22.8","0.25","4.7"
"8a3e40b8-38da-43d9-8ac9-e55cebaa5ee3","Thanh Hoa","2015-11-17 21:00","90","19.8075","105.7764","0","25.9","0.59","13"
"0ebc47e0-dcb3-4ca5-8f86-a2545f67e220","Tra Vinh","2021-06-01 09:00","67","9.9369","106.3411","0.0","30.9","0.73","11.9"
"3c86e07b-a05c-4e12-91a8-6830af67877d","Ha Giang","2019-02-07 15:00","25","22.8233","104.9836","0.0","23.9","'-0.66","17.3"
"df78a192-dff7-47db-89f4-700a9d0baa9a","Cao Lanh","2019-01-09 22:00","83","10.4603","105.6331","0.0","24.4","0.54","11.3"
"76249804-030f-4706-8608-889a3abae13a","Cam Pha","2022-06-05 09:00","75","21.0094","107.2728","0.0","29.7","0.76","17.6"
"2fe0b3bf-cd00-4e52-a80a-d8637249ae51","Yen Bai","2022-09-16 14:00","82","21.7","104.8667","0.27","28.5","'-0.74","9.8"
"4a802c20-23d8-449f-aab9-047a1c50f35a","Mang La","2015-11-11 08:00","68","14.3838","107.9833","0","25.8","'-0.05","18.1"
"31e9b20e-2c08-4d6f-8447-0e61eb175051","My Tho","2019-07-02 08:00","82","10.35","106.35","1.7","27.7","0.35","15.1"
"74c416eb-0b12-46b6-88de-0778a0eabdfd","Quy Nhon","2015-03-31 19:00","87","13.7696","109.2314","0","24.8","'-0.38","9.5"
"7ef0ba96-b77e-4bf4-8145-c4ffb3d49a26","Mang La","2019-03-07 18:00","36","14.3838","107.9833","0.0","27.5","0.14","9.4"
"bbce4616-86d5-45fb-b2aa-8a94dd0b19eb","Mang La","2019-03-09 17:00","36","14.3838","107.9833","0.0","29.3","0.31","10.1"
"954dd33c-ae11-46e1-8d21-ac667725b65d","Thai Binh","2018-11-18 10:00","70","20.4461","106.3422","0.04","28.5","'-0.07","13.7"
"2e223356-cfdb-4a74-92d4-31e4e091159f","Pleiku","2020-05-19 01:00","96","13.9715","108.0147","3.47","22.3","0.27","7.3"
"da4dd4df-475a-4a12-953e-7f2705a58809","Bac Lieu","2018-10-07 07:00","86","9.2833","105.7167","0.91","26.4","0.46","15.5"
"5381c56e-8185-4e5a-a67d-b2f12ed94e37","Vi Thanh","2017-01-20 15:00","63","9.7833","105.4708","0.02","30.1","0.42","18.7"
"d79457fb-9002-41fb-8073-133c1b1aa06f","Lao Cai","2020-03-28 00:00","77","22.4194","103.995","0.0","24.2","'-0.18","1.8"
"048e6e36-bd6e-492f-85d1-52556b52d4e7","Phan Thiet","2020-05-03 09:00","64","10.9375","108.1583","0.0","30.7","'-0.1","13.0"
"05ff4d34-97f1-48fc-9227-e733f0b711ec","Viet Tri","2020-10-13 20:00","66","21.3136","105.3947","0.0","26.9","'-0.98","5.2"
"eec59eb1-d157-4cfd-89b3-a9ebe0818e6e","My Tho","2019-11-04 16:00","70","10.35","106.35","0.04","30.3","0.6","8.8"
"ddcc3392-a7aa-4a46-b177-0841bb3886b1","Nha Trang","2022-09-07 10:00","90","12.2495","109.1908","0.13","23.5","'-0.58","4.4"
"63f3038d-4640-4eed-ba23-bb3713e59a53","Quang Tri","2016-09-10 20:00","78","16.7504","107.2","0.6","27.8","0.19","8.6"
"77cf4a2a-2cb5-4e33-97d9-aa269b38f194","Mang La","2016-12-11 06:00","88","14.3838","107.9833","0.0","19.0","'-0.08","9.7"
"59a29f96-732e-40f0-8354-7eb418ee2d4d","Vinh","2018-01-25 19:00","92","18.6733","105.6922","0.0","22.8","'-0.12","11.5"
"09016349-8a04-4736-bc79-c920a6d9d84e","Phan Thiet","2017-01-21 12:00","51","10.9375","108.1583","0.0","30.9","0.71","24.1"
"4d8da129-cc8f-424d-a300-76466fba287b","My Tho","2018-12-07 15:00","70","10.35","106.35","0.0","28.6","0.36","14.0"
"d792c517-e7b8-43d8-bde6-ea7af63d1bb3","Quang Ngai","2019-09-24 11:00","68","15.1206","108.7922","0.0","28.0","0.01","16.8"
"8b87778c-2f8a-4043-b7fa-fe25b94fd786","Nam Dinh","2016-10-02 11:00","52","20.42","106.1683","0.0","30.5","0.04","16.4"
"e4228daa-f339-4ddf-b55a-2c3d3fc30e17","Long Xuyen","2021-06-07 15:00","79","10.3686","105.4234","0.27","27.5","'-0.16","19.1"
"348a7a75-d5fa-440d-ae96-1a11e37b6c97","Ap Da Loi","2020-03-25 23:00","86","11.9304","108.42","0.0","17.9","'-0.25","4.2"
"0c2441dd-fe9c-4729-8580-5e7fc9ef615e","Tay Ninh","2022-11-15 09:00","76","11.3131","106.0963","0.0","27.7","'-0.33","4.7"
"fe69d70f-093b-4931-8f0d-d4f02a8fe3d3","Tuyen Quang","2021-12-31 15:00","73","21.8281","105.2156","0.0","17.9","0.62","3.2"
"b4619c61-ce95-4773-b48d-917379888b27","Lao Cai","2021-03-12 15:00","57","22.4194","103.995","0.31","23.8","'-0.12","8.3"
"0e2bd3ee-8b14-447e-870c-e61af0c0d1c0","Vinh Long","2020-01-28 12:00","44","10.255","105.9753","0.0","32.1","0.51","11.2"
"7562daa3-91d0-487b-b393-b73f668fe8dc","Tuyen Quang","2021-04-24 15:00","61","21.8281","105.2156","0.09","32.3","0.27","16.6"
"28e40be9-4612-4937-acd3-093f16883762","Hoi An","2016-09-28 11:00","68","15.8777","108.3327","0.06","31.3","'-0.13","7.6"
"b3050af4-c35e-4167-b9f5-901099c99f9f","Cao Lanh","2019-10-17 07:00","79","10.4603","105.6331","0.0","27.6","0.38","10.8"
"719aac69-e6ff-40d9-8a86-f6f0c5b52dc2","Phan Thiet","2015-12-30 10:00","45","10.9375","108.1583","0","30","0.77","21.8"
"d917a5e2-45f0-4f49-8b17-bb24ad67f104","Vinh","2017-02-25 14:00","66","18.6733","105.6922","0.0","16.1","'-0.38","15.2"
"2f2a2437-9f86-45c4-81a1-6eaa65340a87","Ca Mau","2021-04-10 21:00","72","9.1833","105.15","0.0","27.8","0.05","14.4"
"84f60e6d-d5a4-4cc5-b943-e1d768006125","Tuy Hoa","2021-03-11 05:00","91","13.0869","109.3086","0.13","22.5","0.11","6.2"
"c39f9cd6-e5a4-42bd-b596-a4c30eddead4","Ho Chi Minh City","2021-04-06 18:00","56","10.8167","106.6333","0.0","31.5","'-0.54","25.2"
"fac7fd62-d5fa-413f-a6a6-dd97c157a031","Thu Duc","2022-04-15 07:00","73","10.8199","106.7909","0.0","28.2","1.01","8.0"
"69ec212b-15f7-448b-8d9e-3ce181fa0fd0","Ha Long","2016-02-12 01:00","96","20.9514","107.0852","0","17.8","0.73","8.2"
"d05dccf9-87ae-4806-b33c-3660ef1446fd","Vung Tau","2020-12-05 00:00","79","10.4042","107.1417","0.0","26.0","'-0.41","11.5"
"d5f7d84d-9814-432f-a5d8-129e4d68b806","Sa Dec","2017-03-31 20:00","74","10.3105","105.7397","0.07","27.9","0.81","9.8"
"4918b36a-0c72-41c1-95d6-df6ba2c67199","Phu Quoc","2019-04-07 17:00","72","10.2289","103.9572","0.63","29.3","'-0.33","8.5"
"2c671cb5-3890-42fb-b992-100f347c363d","Haiphong","2019-03-07 15:00","80","20.8","106.6667","0.04","21.2","'-0.35","17.6"
"90047674-2fbe-4a05-8832-13e0a10af8f3","Lang Son","2022-10-17 20:00","57","21.8478","106.7578","0.0","21.7","'-0.22","8.9"
"d5653ad4-34e0-4ea2-a917-b268e6aa85f0","Bac Giang","2022-11-19 15:00","55","21.2731","106.1947","0.0","30.5","'-0.57","9.7"
"9c4cdc79-c6c5-4535-a26d-fb61b43c31d3","Binh Long","2016-12-17 20:00","78","11.6504","106.6","0.07","25.2","1.21","8.6"
"cdbe56cb-44ba-426c-b95e-aa5d5e51e8fd","Cao Lanh","2020-11-06 22:00","89","10.4603","105.6331","2.53","26.3","0.81","4.2"
"50a7cd05-ade7-46c0-ad3c-f3315665ca85","Ca Mau","2017-08-26 06:00","81","9.1833","105.15","0.0","27.1","'-0.17","11.2"
"7ca93578-94a8-4a68-9335-43f949c52cc6","Viet Tri","2019-04-26 00:00","91","21.3136","105.3947","0.13","26.8","'-1.07","12.2"
"3f11fba9-e21e-4404-999e-c48c8b55d6d5","Dong Hoi","2015-06-09 09:00","44","17.4833","106.6","0","33.2","0.17","11.2"
"82603fcf-0f17-4e36-9daf-a8c8e9605675","Chau Doc","2018-07-20 22:00","87","10.7","105.1167","0.0","26.7","0.16","10.2"
"ce7d2ec1-a8fc-4500-bf49-0fd7b378a3fc","Long Xuyen","2020-05-26 02:00","85","10.3686","105.4234","0.2","27.8","0.25","8.3"
"179dcd42-e1ff-4d5d-8656-2b98b374d78c","Binh Long","2015-06-06 06:00","76","11.6504","106.6","0","28.8","0.78","7.6"
"e0e9aff9-b88f-4215-bb92-7b793c4085af","Quang Tri","2020-02-23 14:00","71","16.7504","107.2","0.1","23.8","0.27","15.1"
"a8907ae6-8073-48a0-a513-f833b15e3bd0","Binh Long","2018-12-07 08:00","68","11.6504","106.6","0.0","29.6","0.82","7.0"
"6c656aa5-307b-4fad-b3fa-413b232bf31f","Yen Bai","2021-12-09 17:00","75","21.7","104.8667","0.0","19.1","'-0.98","2.5"
"d117933f-6476-4717-acc8-e386814db4ec","Lang Son","2016-11-18 03:00","96","21.8478","106.7578","0.0","17.8","0.68","2.9"
"8d0c029e-73ea-4299-b9f4-f30d7dcd8f38","Dong Hoi","2020-02-06 10:00","75","17.4833","106.6","0.0","22.5","'-0.7","12.2"
"17348b1c-0c83-4529-86aa-791353a27c4a","Chau Doc","2017-05-30 16:00","69","10.7","105.1167","1.62","31.2","'-1.84","10.3"
"e9bafc38-f4e8-4601-8c9a-ac02d2a2fe8a","Dong Ha","2018-10-28 16:00","85","16.8056","107.0906","0.6","25.6","0.32","14.4"
"014b2019-b40d-41c9-a6b6-ff0bcf1774b5","Hoi An","2021-03-06 23:00","93","15.8777","108.3327","0.0","22.5","0.1","8.9"
"cbc7dd8e-a623-44b9-a1ba-b80f030eb350","Phan Thiet","2021-01-18 00:00","73","10.9375","108.1583","0.0","20.6","'-0.05","16.2"
"a363f0c4-cb16-40f3-a2f7-2631baf43c1b","Ha Giang","2019-09-06 23:00","95","22.8233","104.9836","0.3","18.3","0.52","7.8"
"19c3c378-749b-45e9-b323-70f6e01a59b9","Bac Ninh","2022-06-07 07:00","89","21.1861","106.0763","0.04","25.5","'-0.38","7.4"
"ebf552f3-5545-4fd9-aab9-83468617dee3","Hue","2017-09-03 13:00","57","16.4637","107.5908","0.0","33.8","0.03","11.8"
"25041f0e-1bcf-4ca4-9a26-df2a9c1211cd","Pleiku","2020-12-23 19:00","82","13.9715","108.0147","0.0","21.3","0.04","12.2"
"682a34d9-87d0-446a-ae1f-2f47d435b43f","Rach Gia","2017-07-28 15:00","79","10.0125","105.0808","0.98","29.1","'-1.06","31.3"
"1fffe5aa-6643-4676-b824-88acf0e7d546","Bac Ninh","2017-10-19 09:00","72","21.1861","106.0763","0.0","24.1","0.18","11.5"
"626f3c32-d801-462b-8d29-8ae0db4a64ee","Mang La","2019-10-10 21:00","97","14.3838","107.9833","0.4","19.5","0.16","5.8"
"f3f51201-07a8-4006-9709-0e034650f71e","Ha Tinh","2021-07-29 02:00","70","18.3431","105.9058","0.0","28.8","'-0.73","12.0"
"a2319ffc-95ed-4c46-83b8-e74a01516f47","Sa Dec","2019-12-26 22:00","90","10.3105","105.7397","0.0","22.5","'-0.46","10.0"
"606ad13b-6803-4949-9617-cc542bade399","Phu Quoc","2018-02-27 21:00","77","10.2289","103.9572","0.71","27.3","'-0.97","16.9"
"3a980cc6-9f6d-4e87-a87d-20af70f01b8d","Thai Nguyen","2021-09-10 07:00","87","21.6","105.85","0.0","25.4","'-0.24","4.7"
"9d4253aa-fecd-446a-b971-ecac11fcb8be","Hai Duong","2020-02-10 18:00","80","20.9399","106.3309","0.0","19.0","0.47","14.4"
"159f90f3-d5e3-4b60-a3b0-3323bccd3e9a","Binh Long","2020-03-21 07:00","72","11.6504","106.6","0.0","27.3","0.85","12.7"
"e13dd1c9-1e86-4cd2-8f57-03efc128188e","Vinh Long","2020-10-08 05:00","91","10.255","105.9753","0.0","23.4","'-1.31","7.6"
"f29cea3d-98d4-4363-86e9-271b75d1f8c9","Vung Tau","2018-12-30 17:00","77","10.4042","107.1417","0.0","27.7","0.21","8.5"
"75d1c42a-b465-4f09-9832-65f1d39f337e","Vi Thanh","2019-02-07 00:00","94","9.7833","105.4708","0.0","23.2","'-1.05","6.8"
"a86ee4d1-4b0f-4299-a318-ad0801a8331b","Thai Nguyen","2015-04-13 00:00","65","21.6","105.85","0","18.1","'-0.61","3.2"
"f8eac27a-6c9b-44b1-a471-717d6b13d92c","Dong Hoi","2022-06-21 06:00","67","17.4833","106.6","0.0","29.4","'-0.75","17.3"
"9ebc511a-0fa0-4ea4-b39a-53f6b9face33","Lang Son","2020-10-10 19:00","79","21.8478","106.7578","0.0","20.3","'-0.7","6.1"
"3cb85a37-0c74-4190-9337-8eb0b9ad6997","Tay Ninh","2018-09-02 08:00","63","11.3131","106.0963","0.1","30.3","'-0.34","9.7"
"474e7501-8f6f-4f2a-87c6-44125f19785b","Son La","2022-01-17 00:00","99","21.327","103.9141","0.53","16.6","0.94","2.2"
"a7337e16-e8ec-49c3-b610-d232d10ffdb5","Thai Binh","2021-05-27 09:00","70","20.4461","106.3422","0.22","30.8","1.42","13.0"
"82600b7a-a94a-442e-8e9d-ea8c15ca867a","Ap Da Loi","2019-05-02 04:00","92","11.9304","108.42","0.0","20.4","0.16","1.3"
"beb512f7-0e06-4942-99b9-ed3b05bdb73d","Viet Tri","2015-07-05 10:00","76","21.3136","105.3947","0.22","25.2","1.24","7.7"
"58963f49-8e6d-4036-86c9-c4873d5c9e7c","Vung Tau","2020-07-08 12:00","70","10.4042","107.1417","0.0","29.6","'-0.74","7.2"
"86d6b86a-fae8-4876-be11-2f95a4ed4bd8","Quang Ngai","2017-01-29 21:00","89","15.1206","108.7922","0.0","20.8","'-0.33","2.2"
"7d8f7581-8a13-4283-b435-a6aa14d7d0ff","Ho Chi Minh City","2019-05-01 04:00","75","10.8167","106.6333","0.02","28.9","0.89","7.6"
"49384fed-810a-49f6-964f-bd35d3981b6f","Nam Dinh","2022-02-21 05:00","90","20.42","106.1683","0.23","7.7","0.37","17.9"
"7f85fba1-322e-45ba-a602-035e419dd890","Hai Duong","2016-12-26 10:00","78","20.9399","106.3309","0.13","25.2","'-0.76","10.1"